[
  {
    "name": "목포시립도서관",
    "address": "전라남도 목포시 용당로160번길32",
    "xcnts": 34.80347274,
    "ydnts": 126.4030674
  },
  {
    "name": "목포어린이도서관",
    "address": "전라남도 목포시 옥암로 186번길 30-7",
    "xcnts": 34.81483061,
    "ydnts": 126.4256009
  },
  {
    "name": "목포영어도서관",
    "address": "전라남도 목포시 옥암로 186번길 30-7",
    "xcnts": 34.8148308846,
    "ydnts": 126.4256024505

  },
  {
    "name": "노을도서관",
    "address": "전라남도 목포시 고하대로 641-10",
    "xcnts": 34.80747909,
    "ydnts": 126.3688758

  },
  {
    "name": "행복마을도서관",
    "address": "전라남도 목포시 양을로 144",
    "xcnts": 34.80909511,
    "ydnts": 126.3866468

  },
  {
    "name": "삼학도서관",
    "address": "전라남도 목포시 자유로 104번길 35",
    "xcnts": 34.79034866,
    "ydnts": 126.4016498
  },
  {
    "name": "소나무도서관",
    "address": "전라남도 목포시 포미로 22",
    "xcnts": 34.81974985,
    "ydnts": 126.3968005646
  },
  {
    "name": "숲속도서관",
    "address": "전라남도 목포시 백년대로 95-5",
    "xcnts": 34.79958771,
    "ydnts": 126.3997647
  },
  {
    "name": "청개구리도서관",
    "address": "전라남도 목포시 통일대로75번길 14",
    "xcnts": 34.80236326,
    "ydnts": 126.4319076
  },
  {
    "name": "푸른솔도서관",
    "address": "전라남도 목포시 남악1로52번가길 2",
    "xcnts": 34.81044347,
    "ydnts": 126.4475899
  },
  {
    "name": "연꽃도서관",
    "address": "전라남도 목포시 산정로63번길 14-1",
    "xcnts": 34.79454221,
    "ydnts": 126.3915187
  },
  {
    "name": "초롱초롱도서관",
    "address": "전라남도 목포시 북항로 102-7",
    "xcnts": 34.80112481,
    "ydnts": 126.3735183
  },
  {
    "name": "무지개도서관",
    "address": "전라남도 목포시 원산중앙로 87",
    "xcnts": 34.8124546,
    "ydnts": 126.3807726
  },
  {
    "name": "반딧불도서관",
    "address": "전라남도 목포시 북교길 22",
    "xcnts": 34.79400345,
    "ydnts": 126.3776675
  },
  {
    "name": "꿈나무도서관",
    "address": "전라남도 목포시 삼학로123번길 29",
    "xcnts": 34.79004732,
    "ydnts": 126.3975743
  },
  {
    "name": "옹달샘도서관",
    "address": "전라남도 목포시 상동로 61",
    "xcnts": 34.81474429,
    "ydnts": 126.4128052
  },
  {
    "name": "은하수도서관",
    "address": "전라남도 목포시 비파로 31",
    "xcnts": 34.80156364,
    "ydnts": 126.4274676
  },
  {
    "name": "꿈돌이도서관",
    "address": "전라남도 목포시 평화로 142",
    "xcnts": 34.8005633,
    "ydnts": 126.437174
  },
  {
    "name": "샛별작은도서관",
    "address": "전라남도 목포시 연산백련로 1번길 79",
    "xcnts": 34.81989103,
    "ydnts": 126.3889627
  },
  {
    "name": "푸른숲작은도서관",
    "address": "전라남도 목포시 남악1로 52번가길 2",
    "xcnts": 34.81044347,
    "ydnts": 126.4475899
  },
  {
    "name": "호돌이작은도서관",
    "address": "전라남도 목포시 영산로10번길 27",
    "xcnts": 34.78559722,
    "ydnts": 126.380178
  },
  {
    "name": "늘푸른작은도서관",
    "address": "전라남도 목포시 삼학로363",
    "xcnts": 34.80296632,
    "ydnts": 126.4086399
  }
]